page,idx_on_page,question,answer
1,1,[ 모젠서비스 > 이용단말 ]내비게이션의 지도 업그레이드는 어떻게 하나요?,
1,2,[ 블루링크 > 가입/해지/변경 ][가입] 블루링크에 가입하려면 어떻게 해야 하나요?,"차종에 따른 가입방법은 현대자동차 홈페이지 내 블루링크 이용안내 페이지에서 확인하실 수 있습니다.
※ 현대자동차 홈폐이지 > 고객서비스 > 블루링크 > 이용안내 > 서비스 가입 ▶바로가기"
1,3,[ 차량정비 > 일반 ]에어컨 성능을 향상시키는 방법 안내,"●에어컨 작동은 1단부터 작동하기 보다는 최고단수부터 작동하는 것이 좋습니다.

☞에어컨을 처음 틀때 1,2단이 아닌 3,4단부터 시작하는 게 냉각효율과 에너지 절약에 도움되며,
공기순환 모드를 잘 활용하면 냉방효과를 더욱 높일 수 있습니다.
차내 급속 냉방을 위해서는 내기순환 모드에서 에어컨을 가동하고, 최고단수로 5분 정도 작동한 뒤
조정하는 게 효과적입니다.

●에어컨 콘덴서(응축기)를 청소합시다.

☞엔진오일 교환이나 세차 때 정비사에게 에어컨 컨덴서(응축기) 외부에 붙어있는 벌레,이물질,먼지
등을 압축공기나 고압세차기로 청소해달라고 부탁하면 10% 정도의 냉각효을 상승 효과를 기대
할 수 있습니다.
콘덴서는 라디에이터 앞에 설치돼 차량속도와 냉각팬에 의해 기체상태의 냉매를 고압의 액체상태로
만드는 장치로, 이물질이 붙어 있으면 공기가 잘 통하지 못해 냉각효율이 떨어집니다.

●차 안의 열을 식힌 후 에어컨을 사용하세요.

☞강한 여름볕에 장시간 주차했을 때 실내도는 80도 가까이 올라간다고 합니다.
이런 차 안에서 바로 에어컨을 작동시켜도 에어컨 효과를 보기가 어렵습니다. 우선, 차문 한쪽을 열고
반대쪽 문을 열었다 닫었다를 수 차례 반복하여 실내의 더운공기를 배출하여 열을 식힌 후 에어컨을
켜야하며, 주차는 그늘을 찾아서 주차하는게 좋습니다.

●실내 에어필터를 점검하고 교환합시다.

☞요즘 차들은 대부분 실내 에어필터가 달려 나옵니다.
하지만 자신의 차량에 에어필터가 달려 있는지 조차 모르는 운전자도 적지 않습니다.
실내 에어필터를 제때 갈아주지 않으면 퀴퀴한 냄새뿐 아니라 바람까지 약하게 나옵니다.

항균필터가 달린 차라면 국내여건상 봄에는 황사, 여름에는 에어컨 사용, 겨울에는 히터를 사용하기 전
최소한 1년에 3번 정도는 필터 점검이 필요하며, 오염이 심할경우 교환해주고 매 15,000km 마다
교환하도록 되어 있습니다.
항균필터를 떼어낸 후 바람을 최대한으로 돌리면 공기 통로에 있는 먼지를 털어 낼 수 있습니다.^^"
1,4,[ 블루링크 > 서비스 이용 ][원격제어] 원격 공조 제어 서비스 이용시 시동만 켤 수는 없나요?,원격시동/공조 기능은 공조를 미리 제어 하기 위해 시동이 함께 필요한 서비스이므로 분리해서 사용이 불가능합니다.
1,5,[ 블루링크 > 서비스 이용 ][가입확인서] 가입확인서는 어떻게 발급받나요?,"가입확인서는 홈페이지와 블루링크 어플리케이션을 통해 발급받으실 수 있습니다.
▶ 홈페이지
1) 현대자동차 홈페이지(www.hyundai.com) 로그인
2) 우측 상단 '마이페이지' 클릭
3) 최하단 '블루링크 가입확인서 발급' 클릭
▶ 블루링크 어플리케이션
1) 어플리케이션 로그인
2) 메인화면 좌측 상단의 '메뉴(三)' 버튼 클릭
3) '월간 리포트' 클릭
4) '블루링크 가입확인서 발급' 항목의 '가입확인서 발급' 클릭"
1,6,"[ 차량정비 > 일반 ]리모컨,스마트키 분실 또는 추가로 구입을 원할경우","리모컨 분실로 추가 구입을 원하실 경우, 당사 서비스망에 차를 가지고 내방을 하시거나,
모비스 부품대리점을 통해 리모컨을 선구입후 (현대 모비스(1588-7278)로 문의) 차량과 함께
현대자동차 서비스망 내방 하셔서 주파수 셋팅 후에 사용 하시면 됩니다.

※ 당사 서비스망은 현대자동차홈페이지 > 고객서비스 > 서비스네트워크 > 서비스네트워크 검색/예약 참조 ▶바로가기"
1,7,[ 블루링크 > 가입/해지/변경 ][해지] 블루링크를 해지하려면 어떻게 해야 하나요?,"블루링크 센터를 통해 서비스를 해지하실 수 있습니다.
① 블루링크 센터 전화 연결
② 해지 신청서 작성 및 구비서류 준비
- 해지신청서는 홈페이지의 블루링크 자료실에서 다운로드하실 수 있습니다.
- 구비서류
> 개인 : 신분증 사본
> 개인사업자 : 본인(대표자) 신분증 사본, 사업자등록증 사본, 인감증명서, 직원의 신분증 또는 재직증명서
> 법인 : 사업자 등록증 사본, 인감증명서, 직원의 신분증 혹은 재직증명서
> 대리인이 해지 신청을 하시는 경우
☞ 전화로 고객 본인 의사 확인 가능시 : 가입자 신분증 및 대리인 신분증 사본
☞ 전화로 고객 본인 의사 확인이 불가능시 : 대리인의 신분증 및 위임장(인감 날인)
③ 팩스나 이메일을 이용해 블루링크 센터에 해지 신청서와 구비서류 제출
- FAX : 031-8086-1894
- 이메일 : tmsmaster@hyundai.com

※ 블루링크 센터
- 전화 : 1899-0606
- 업무시간 : 평일 09:00 ~ 18:00 (토/일요일 및 공휴일 휴무)"
1,8,[ 블루링크 > 서비스 이용 ][원격제어] 블루링크 어플리케이션 인증 비밀번호 변경은 어떻게 하나요?,"블루링크 센터 또는 현대자동차 홈페이지를 통해 변경이 가능합니다.
※ 블루링크 센터
- 전화 : 1899-0606
- 업무시간 : 평일 09:00 ~ 18:00 (토/일요일 및 공휴일 휴무)"
1,9,[ 블루링크 > 서비스 이용 ][원격제어] 다른 가족의 스마트폰에서도 블루링크 어플리케이션 사용이 가능한가요?,"로그인 정보 입력 후 차량 계약자 핸드폰 번호로 발송된 인증번호를 입력하시면, 다른 스마트폰에서도 이용 가능합니다.
다만 로그인 정보는 개인정보와 관련된 사항이니 고객님의 각별한 주의가 필요합니다."
1,10,[ 블루링크 > 서비스 이용 ][안전보안] 현대 긴급 출동봉사반에서 와서 시동을 걸어주는 경우 추가 비용이 드나요?,"현대 긴급출동의 경우, 보증수리 대상인 경우에는 출동비가 무상이나, 보증수리 초과 차량의 출동비는 현장에서 청구되며,
보증수리 차량의 경우에도 출동비는 무상이나 소요된 부품 등에 대해서는 고객이 비용을 지급합니다."
2,1,[ 블루링크 > 요금 ][요금] 블루링크 이용 요금은 얼마인가요?,
2,2,[ 차량정비 > 일반 ]신차 출고 후 이전처럼 꼭 처음에 엔진오일 교환해야되는건가요? (최초 엔진오일 교환시점),"엔진오일 교환 주기는 통상/가혹 조건에 따라 교환해주시면 되는데, 통상조건으로는 매 15,000㎞(또는 12개월),
가혹조건으로는 매 7,500㎞(또는 6개월)마다 교환해 주시면 좋을것 같습니다.
※단, 차종 및 엔진별 엔진오일 교환주기는 다르기 때문에, 취급설명서내 정기점검 주기표를 참고 바랍니다.

[참고] 가혹조건이란?
－짧은 거리를 반복해서 주행
－험한길(모래 자갈길,비포장길,먼지가 많은 지역)을 반복해서 주행했을때
－급출발,급가속,공회전을 과다하게 수행했을때

※ 현대자동차 홈폐이지 > 하단 '자료실' 에서 차종별 취급설명서 검색 ▶바로가기"
2,3,[ 차량구매 > 일반 ]장애인 조건으로 차량구입시 혜택을 알고 싶습니다.,"▶장애인 조건으로 차량 구입시 혜택은 크게 3가지 입니다.
① 차량 개소세 면세
② 지방세(취득세, 등록세, 자동차세)면세(서울시 기준)
③ 공채매입 면세

이중 일반장애 1~3급 및 국가유공상이 1~7급은 1,2,3번의 혜택을 모두 받으실 수 있으며
그 이외의 장애등급 고객께서는 공채매입 면제만 가능합니다.(서울시 기준)

※지방세 면세내용은 각 지방자치단체 조례에 따라 상이하므로 반드시 해당 지방자치단체로
문의 및 구입전 확인을 요합니다."
2,4,[ 블루링크 > 서비스 이용 ][단말기] 블루링크 전화번호(차량 전화번호)는 어디서 확인하나요?,"내비게이션 홈화면에서 [전체 메뉴] 선택 ▶ [블루링크] 선택 ▶ [블루링크 설정] 선택 ▶ [모뎀 정보] 선택 후 ‘전화번호’에서 확인하실 수 있습니다.
※ 차종에 따라 확인 방법이 일부 상이할 수 있습니다."
2,5,[ 차량정비 > 일반 ]차종별 보증기간 문의,"차량 구입시 취급설명서에 해당차량 보증기간 세부사항이 명기 되어 있습니다.

※ 현대자동차 홈페이지 > 고객서비스 > 차량관리 서비스 > 보증수리 안내 >일반 보증기간 바로가기 ▶
※ 현대자동차 홈폐이지 > 하단 '자료실' 에서 차종별 취급설명서 검색 바로가기 ▶"
2,6,[ 차량정비 > 일반 ]인텔리전트 내비게이션 업데이트 하려고 하는데요. 방법이 어떻게 되나요?,"내비게이션 업데이트 방법은 기존 웹 다운로드 방식과 스마트 업데이터 방식이 있습니다.

""스마트 업데이터 플러스""란?
현대자동차 순정 내비게이션 업그레이드를 손쉽게 자신의 컴퓨터에 다운로드 받아서
설치 할 수 있도록 도와주는 프로그램 입니다.

※ 자세한 업데이트 방법은 당사 홈페이지 참고 바랍니다.
※ 현대자동차 홈페이지 > 고객서비스 > 차량관리서비스 > 내비게이션 / 빌트인 캠 업데이트 바로가기 ▶"
2,7,[ 차량구매 > 일반 ]현대자동차에서 중고차를 구입할 수 있나요?,"저희 현대자동차는 신차를 제조하여 판매를 사업영역으로 하는 회사로
중고차의 매입 및 판매는 시행하지 않습니다.

※ 고객분들의 편리하고 안전한 중고차 거래를 위해 사이트 운영중이니 참고하시기 바랍니다.
현대자동차 홈페이지 > 고객서비스 > 차량관리서비스 > 중고차 > 내차팔기 바로가기 ▶
단,현대자동차㈜는 통신판매 중개자로서 해당 사이트의 책임은 현대글로비스㈜와 ㈜유카에 있습니다."
2,8,[ 차량구매 > 일반 ]포인트는 유효기간이 있나요?,"▶ 현대카드M M포인트 및 현대자동차 제휴카드 포인트의 유효기간은 최초적립일로부터
     만 5년 입니다. 따라서 이 기간이 지난 포인트는 최초적립일로부터 월단위로 소멸됩니다."
2,9,[ 모젠서비스 > 사용법 ]보증 수리기간이 어떻게 되나요?,"모젠 단말기의 보증수리 기간은 구입한 신차의 보증 내용 및 규약에 종속됩니다. 현대자동차의 보증수리 기간은 차종, 동력전달장치, 일반부품 등에 따라 차이가 있으며, 모젠 단말기는 일반부품의 보증기간에 따릅니다."
2,10,[ 블루링크 > 가입/해지/변경 ][가입] 블루링크가 장착된 차량을 중고로 구매하였습니다. 블루링크 가입이 가능한가요?,"블루링크 센터에 연락하시어 가입 신청을 하신 후 이용하실 수 있습니다.
※ 차종에 따라 가입 완료 안내 문자 수신 후 차량 내 설정이 필요할 수 있습니다.
※ 중고차로 서비스 가입시에는 기본 서비스 무료 제공 혜택이 제공되지 않습니다.
※ 블루링크 센터
- 전화 : 1899-0606
- 업무시간 : 평일 09:00 ~ 18:00 (토/일요일 및 공휴일 휴무)"
3,1,[ 모젠서비스 > 사용법 ]모젠 요금제는 어떤 종류가 있나요?,
3,2,[ 차량정비 > 일반 ]스마트키 차량인데요. 중립 주차를 하려는데 N단에서 시동을 꺼도 꺼지지가 않는데 다른 방법이 있나요?,"[핸드/풋 파킹 브레이크 적용 차량]
① 주차브레이크를 작동시키고, 브레이크 페달을 밟은 상태에서 「P」 (주차) 위치에 두고 엔진을 정지시키십시오.
스마트 키 장착 차량은 「P」 (주차) 위치에서만 시동을 끌 수 있습니다.
「P」 (주차) 위치가 아닌 곳에서 시동 버튼을 누르면 「ACC」 상태로 됩니다.
② 바퀴에 고임목을 설치하십시오.
③ 주차 브레이크를 해제하십시오.
④ 브레이크를 밟고, 변속레버 앞쪽에 위치한「SHIFT LOCK RELEASE」버튼(버튼커버가 있을 시 열고 키를 꽂아 누르고)
누르고 자동변속기의 위치를「N」(중립)위치로 변속하십시오.
「P」(주차) 위치는 변속기가 잠기는 위치로 차량을 쉽게 움직일 수 없는 위치 입니다.

[전자 파킹 브레이크 적용 차량]
① 주차 블레이크 스위치를 당긴후 5초이내에 주차 브레이크 해제된 상태로 브레이크 페달을 밟은 상태에서 변속레버를 「P」(주차)위치에 두고 시동을 끄십시오.
② 바퀴에 고임목을 설치하십시오.
③ 브레이크를 밟고, 변속레버 앞쪽에 위치한「SHIFT LOCK RELEASE」버튼(버튼커버가 있을 시 열고 키를 꽂아 누르고)
누르고 자동변속기의 위치를「N」(중립)위치로 변속하십시오.
「P」(주차) 위치는 변속기가 잠기는 위치로 차량을 쉽게 움직일 수 없는 위치 입니다.

※ 단,위와 같은 비상시 주차를 제외하고는 항상 안전을 위하여 「P」(주차) 위치에 놓고 주차 브레이크를 작동 하십시오."
3,3,[ 차량정비 > 일반 ]블루투스 등록 방법,"블루투스 휴대폰 등록(AVN)
1. 스티어링 리모트 컨트롤의 “통화”버튼 또는 헤드유닛의 “PHONE” 버튼을 누릅니다.
2. ”신규기기 검색” 메시지 창이 표시되면, “예”버튼을 선택 합니다.
3. 폰 신규 검색창이 표시되면, 주변에 있는 블루투스 휴대폰을 검색합니다.
4. 검색목록 화면에서 연결을 원하는 리스트를 선택합니다. 만약 검색결과가 표시되지 않으면 “재검색”버튼을 누릅니다.
5. 블루투스 휴대폰에서 인증번호를 입력한 후 블루투스 휴대폰의 “확인”버튼을 누르면 헤드유닛과 연결됩니다.
6. 인증번호 입력이 되지 않거나 등록에 실패할 경우 “재시도” 메시지 창이 표시됩니다. “예” 버튼을 선택하여 등록을 재시도 합니다.

블루투스 휴대폰 등록
1. “SETUP” 키를 누르십시오.
2. “PHONE” 메뉴를 선택하십시오.
3. “PAIR”를 선택하십시오.
4. 폰의 이름을 말씀하십시오. (예: 홍길동, 현대/기아 자동차 등)
5. 블루투스 등록 모드 화면으로 변경되며 이전 연결된 폰은 연결 해제됩니다.
6. 블루투스 휴대폰을 이용하여 핸즈프리 기기를 검색 하십시오.
※ 블루트스 등록방법은 휴대폰 제조사 마다 상이하므로 휴대폰 설명서를 참조하십시오.
7. 블루투스 휴대폰에 비밀번호 요구 시 블루투스 등록 모드에 표시된 인증번호(“0000”)를 입력하십시오.
8. 등록과정이 종료되면 “등록이 완료 되었습니다.” 또는 “등록이 실패하였습니다.”라고 음성안내를 합니다.

※ 현대자동차 홈폐이지 > 고객서비스 > 차량 관리 서비스 > 스마트기기 연계 서비스 > 블루투스 호환 안내 바로가기 ▶"
3,4,[ 블루링크 > 가입/해지/변경 ][변경] 서비스 이용 중 가입 정보 변경이 필요할 때는 어떻게 하나요?,"블루링크 센터를 통해 가입 정보를 변경하실 수 있습니다.
※ 블루링크 센터
- 전화 : 1899-0606
- 업무시간 : 평일 09:00 ~ 18:00 (토/일요일 및 공휴일 휴무)"
3,5,[ 차량구매 > 일반 ]세이브오토 이용에 관해 알고 싶습니다.,"▶ 현대자동차 신차 구입시 현대카드M을 이용하여 선수금을 10만원 이상 결제하시는 경우
차량구매 대금중 일부를 해당포인트(20만/30만/50만)만큼 先할인해 드립니다.

先할인 받으신 금액은 이후 36개월 동안 고객님의 현대카드M 사용실적에 따라 적립되는
포인트로 상환하시게 되며,미상환 하신 경우 익월 카드대금 청구시 전액 청구됩니다.

세이브오토 프로그램은 적용을 원하시는 고객께서 신청하시는 경우에만 적용되고
이용기간 중 미상환하신 포인트에 대한 대금청구시 이자는 부과되지 않습니다."
3,6,[ 블루링크 > 가입/해지/변경 ][해지] 블루링크를 이용하다가 차량을 매각하거나 타인에게 양도한 경우에는 어떻게 해야 하나요?,"차량을 매각하거나 타인에게 양도하신 경우에는 이용하시던 블루링크를 반드시 해지하셔야 합니다.
차량을 매각하시면서 서비스를 해지하지 않으시면 계속 요금이 부과됩니다."
3,7,[ 차량구매 > 일반 ]차량구입시 신용카드는 얼마까지 이용할 수 있나요?,"▶ 자동차 구입시 신용카드를 이용한 결제는 고객님 신용카드 한도내에서 희망하시는 금액
     까지 자유로이 결제가 가능합니다."
3,8,[ 차량구매 > 일반 ]차량구입시 장착되는 타이어는 선택이 가능한가요?,당사에서 생산되는 차량은 타이어 제조사別 임의 선택은 불가합니다.
3,9,[ 차량구매 > 일반 ]차량 대금을 신용카드로 결제하려고 합니다. 계약자 이외의 다른 사람의 카드로 결제가 가능한가요?,"▶ 자동차 구입대금 결제시 본인 이외의 제3자 신용카드를 이용한 결제는 불가능 합니다.

2001년 6월 재정경제부와 관련부처의 법률해석 결과, 당사자간의 동의여부를 불문하고
구매자 이외의 신용카드를 이용한 거래는 여신전문금융법 제19조에서 <위장매출전표
작성행위>에 해당됩니다.

따라서 계약자 본인 이외의 제3자 신용카드는 사용하실 수 없습니다."
3,10,[ 차량구매 > 일반 ]차량계약 후 예상납기일에 대해 알 수 있나요?,계약하신 지점(대리점)에서 확인 가능합니다.
4,1,[ 차량정비 > 일반 ]리모컨을 분실해서 일반 키로 도어를 열었더니 경보음이 울리면서 시동이 안걸려요.,
4,2,"[ 차량정비 > 일반 ]자동변속기 차량의 HOLD, O/D OFF 버튼은 어떤 때 써야 합니까?","HOLD는 ‘잠근다’라는 표현이 적절한 것 같습니다.

눈길이나 빙판길에서는 스노우 체인을 써서 출발하거나 주행하는 것이 큰 도움이 되겠지만
스노우 체인을 당장 감고 운행할 수 없을 때는 회전력이 큰 1단 기어보다 2단 기어로 출발하는 것이
타이어의 슬립을 줄여 출발을 쉽게 합니다.

자동변속기는 모든 출발이 1단이고 사용자의 마음대로 변속을 할 수 없으므로 HOLD를 사용하면
D상태에서 2단으로 출발하므로 운행을 쉽게 합니다. 또한 2, 1(L) 변속 레버를 변경시 HOLD를
작동시키면 기어를 고정시켜 주는 구실을 합니다.

O/D OFF는 ‘over drive off’ 즉 ‘높은 단수를 제어한다’는 의미입니다.

D레인지 상태에서 언덕길 주행이나 급가속이 필요한 경우 O/D OFF를 쓰게 되면 4단으로 주행하던 것을 3단으로 내려 주행시키고 4단으로는 변속이 되지 않게 하는 구실을 합니다.

간혹 D레인지 상태에서 언덕길을 주행하다 보면 60km이상에서 엔진에 힘이 떨어지고 가속 페달을 깊게
밟아도 차량이 탄력을 받지 않는 것을 경험하셨을 것입니다. 수동변속기 차량이라면 운전자가 직접
변속을 제어할 수 있지만 자동변속기 차량은 컴퓨터의 신호에 따라 변속이 되므로 적절한 변속을
이룰 수 없는 경우가 있기에 O/D OFF를 쓰면 운행이 쉬워집니다.

또한 HOLD의 기능과 같이 2(2단 출발 2단 주행), 1(L:1단 출발, 1단 주행)에서 기어를 고정시켜 주는
일을 합니다. 자동변속기 차량을 잘 알고 쓰면 수동변속기보다 더 편하고 경제성 있게 운행할 수
있음을 잊지 말아야 합니다."
4,3,"[ 차량정비 > 일반 ]자동차에서 소음이 생기는 경우, 리콜을 받을 수 있나요?","리콜을 잘못 정의하여 제품에 문제가 생겼을 경우 제품 자체를 교환해주는 것으로 알고 있거나,
어떤 고장이든 리콜 해야 한다고 생각하는 경우가 종종 있습니다. 이는 자동차회사에서 자체적으로
제품 성능을 높이기 위하여 실시하고 있는 서비스 활동을 리콜이라고 오해해서 발생되는 상황입니다.

리콜(Recall)은 사전적 의미로 불량 제품의 회수를 뜻하며 다른 용어로는 """"call back"""" 이라고도 합니다.

자동차 회사에서는 제품에서 """"안전에 관련된 문제"""" 가 확인되었을 경우 언론기관에 발표를 하고
대상고객에게 반드시 고객통지문을 발송, 불량의 원인이 되는 부품을 100% 수거해 점검하고
문제되는 부분에 대해 개선된 부품으로 교환 · 수리하는 것을 리콜로 정의하고 있습니다.

이 정의에 따르면 자동차에서 소음이 생기는 경우는 안전과 관련된 부분이 아니기 때문에 리콜은
받을 수 없습니다. 하지만 소비자의 만족도를 높이기 위하여 차후에 개선된 부품을 무상으로
교체해드리거나, 보증수리를 통해 문제를 해결합니다.

리콜은 소비자의 재산과 생명을 보호하며 동시에 기업의 신뢰성, 성실성을 가늠할 수 있는 잣대입니다.
기업은 소비자에게 피해가 발생하지 않도록 제품의 제작, 생산, 판매뿐 아니라 리콜, 보증수리를
해주며 끝까지 최선을 다해야 할 것입니다."
4,4,[ 모젠서비스 > 사용법 ]지금 타고 있는 차량에 모젠 단말기 장착이 가능한가요?,"모젠 단말기가 제공하는 텔레매틱스 서비스는 차량과의 연계가 매우 중요합니다.
 
에어백이 전개되었을때 전개신호를 보내주는 기능이라든지,
핸들에 별도의 버튼을 구성하여 단말기를 누르지 않더라도 핸들에 있는 스위치로 단말기를 조작할 수 있게 한다든지,
그리고 전원장치 및 각종 AV시스템과의 연계 등 차량 본체와 여러가지 밀접한 관련이 있습니다.
 
따라서 차량을 생산할 때 모젠 옵션 차량은 기존 차량과 구별되어 설계가 되어 있으므로,
기존 차량에 모젠 단말기를 장착하는 것은 불가능 합니다."
4,5,[ 모젠서비스 > 사용법 ]모젠이 무슨 뜻인가요?,"모젠은 국내 최고의 자동차 회사인 현대자동차와 기아자동차가 공동으로 개발하여 국내 최초로 제공하는 차량 완전 통합형 텔레매틱스 서비스의 브랜드입니다. ""새로운 자동차 생활의 시대를 열어가는 新자동차 생활인""을 지칭하고 있으며, 자동차의 최첨단 생활을 열어주는 새로운 세대라는 의미와, 고객을 중심으로 보다 풍요롭고 안전한 운전생활을 도와드리는 의미를 내포하고 있습니다."
4,6,[ 모젠서비스 > 이용단말 ]주행 중에는 단말기 조작이 안되나요?,"고객님의 안전 운행을 위해 시속 5km이상으로 주행 중에는 단말기 조작을 제한하고 있습니다.

상담원과 전화를 통해 서비스를 받는 경우가 아닌,
단말기 조작을 통해 서비스를 받기 위해서는 차를 잠시 정차한 이후에 사용하시길 바랍니다.

단, 조작 횟수가 간단한 경우에 한해서만 주행중에도 사용이 가능합니다.
예를 들어, MTS 255 단말기 기준으로 AV 조작 기능 (TV 화면은 안됨-음성만 가능),
모젠 버튼, PHONE에서 단축번호를 통한 전화연결, 내비 버튼의 현위치등록, INFO 버튼의 음성메모 및 청취기능 등은 가능합니다."
4,7,[ 블루링크 > 오류 및 A/S ][오류] 블루링크에 오류가 있을 때에는 어떻게 하나요?,"블루링크 센터로 문의 주시면 신속하게 지원해 드리겠습니다.
※ 블루링크 센터
- 전화 : 1899-0606
- 업무시간 : 평일 09:00 ~ 18:00 (토/일요일 및 공휴일 휴무)"
4,8,[ 블루링크 > 오류 및 A/S ][오류] 원격 공조 제어 서비스를 사용했는데 계속 비상등이 켜져 깜박입니다.,"원격 공조 제어 서비스 이용시 비상등이 함께 켜지는 것은 정상적인 현상입니다.
스마트키로 차량의 문을 여닫으실 때 비상등이 깜빡이는 것과 동일합니다.
또한 도로 안전상의 이유로 시동이 켜져 있다는 것을 외부에서도 확인할 수 있도록 시동과 비상등이 함께 작동됩니다."
4,9,[ 차량구매 > 일반 ]차량대금을 신용카드로 결제할 경우 소득공제가 가능한가요?,"불가능합니다.

조세특례제한법 제126조 3항 3호에 의거하여 신규로 출고되는 자동차 구입시 사용한 신용카드 금액은 소득공제 대상에서 제외됩니다.(2002년 12월1일 승인분부터 적용)"
4,10,[ 차량구매 > 일반 ]할부를 이용하여 차량을 구입하고자 합니다.구비해야할 서류는 어떤것이 있나요?,"▶ 고객의 차량 구매 지원을 위해 별도 취급수수료가 붙지 않는 新오토할부가 2013년 6월부로 재런칭되었습니다.
선수율과 할부 기간에 따라 금리 차등 운영 및 차종별 할부상품 운영 중이오니 가까운 지점(대리점)이나
계약하신 담당 카마스터에게 문의하시기 바랍니다.

※할부관련 서류는 할부이용사의 대출조건에 따라 구비서류 달라질수 있으며,
개인신용도에 따라 추가서류 필요할수 있습니다.(ex)인감증명서,재산세과세증명서등)"
5,1,[ 차량정비 > 일반 ]주행중 갑자기 시동이 꺼지는 현상이 발생합니다. 어디에 문제가 있는 것일까요?,
5,2,[ 차량구매 > 일반 ]차량구입시 신용카드는 복수의 카드로 결제가 가능한가요?,"▶ 예, 가능합니다. 신용카드 갯수에 제한없이 결제가 가능합니다."
5,3,[ 차량구매 > 일반 ]차량계약 후 해지 시 계약금은 환불 받을수 있습니까?,"차량 출고전 해지요청시에는 계약금 환불이 가능하며,
자세한 사항은 계약하신 지점(대리점)에 문의 바랍니다."
5,4,[ 블루링크 > 가입/해지/변경 ][해지] 리스차량으로 블루링크를 이용하다가 차량을 반납할 때는 어떻게 해야하나요?,"리스차량을 반납하실 때에는 이용하시던 블루링크를 반드시 해지하셔야 합니다.
차량을 반납하시면서 서비스를 해지하지 않으시면 계속 요금이 부과됩니다."
5,5,[ 차량구매 > 일반 ]본인 이외의 가족이 보유한 포인트를 사용할 수 있나요?,"'14.8월 개인정보 보호법 개정으로 가족카드/가족회원의 포인트 사용이 불가합니다.

블루멤버스 포인트 및 현대카드 M포인트 모두 본인 및 공동명의자의 포인트로만
차량구입시 사용하실 수 있습니다."
5,6,[ 모젠서비스 > 사용법 ]모젠 서비스를 해지 후 단말기 사용은 전혀 불가능 한가요? 해지해도 사용할 수 있는 기능이 있나요?,"모젠 서비스 해지를 하는 경우에도 단말기 자체 기능인 길안내(교통정보 없음) 및 AV 기능 등은 이용할 수 있습니다. 그러나 해지를 하게 되면 이동전화 서비스 및 실시간 교통정보가 반영된 길안내, 교통정보 및 에어백 전개 자동통보, 도난 추적 등 안전보안 서비스를 포함한 모젠 서비스는 이용하실 수 없습니다."
5,7,[ 차량구매 > 일반 ]현대자동차 차량을 구입하려면 어떻게 해야하나요?,"현대자동차에서는 전국 정식 지점/대리점을 통해서만 차량을 판매하고 있습니다.
그 이외의 유통경로(인터넷 등)로는 차량 공급이 되지 않사오니 차량 구입시 주의해주시기
바라며 전국 어느곳에서나 같은 제품,같은 가격으로 바른거래를 실천하고 있습니다.

참고로, 현대자동차 홈페이지 구매상담 신청을 이용시
고객님께서 원하시는 지점,대리점을 선택하여 상담신청을 하시면 현대자동차의 전문영업사원이
신속하고 친절하게 차량구매에 관한 모든 궁금증을 해결해 드리겠습니다."
5,8,[ 모젠서비스 > 사용법 ]모젠 서비스에 가입하려면 어떻게 해야 하나요?,"모젠 서비스 가입을 위해서는 차량을 구입할 때 모젠을 옵션으로 선택하시고, 차량 계약시 모젠 서비스 가입 신청서를 작성해 주셔야 합니다. 기존에 모젠 단말기가 장착된 중고차를 인수 한 후 모젠 서비스를 이용하시려면 가까운 현대자동차 지점 또는 대리점에 차량등록증과 자동차보험증서 그리고 신분증을 지참하시고 방문하시어 서비스 가입 요청을 하시면 됩니다."
5,9,[ 차량정비 > 일반 ]주행중 갑자기 엔진 출력이 떨어지면서 노킹 현상이 나타납니다. 왜 그런가요?,"엔진 출력이 급격히 떨어지고 노킹 현상(Knocking, 엔진의 연료실 벽을 작은 망치로 두드리는 듯한
소리가 나는 현상)이 지속적으로 발생하면 엔진의 오버히트를 의심해 봐야 합니다.

오버히트는 냉각수가 부족하거나 샐 경우, 워터펌프 구동벨트가 끊어진 경우, 냉각팬이 돌지 않을
경우 등 여러 가지 원인으로 인해 엔진이 과열돼 증기가 끓어오르는 현상입니다.

이때는 계기판에 있는 냉각수 온도 게이지가 적색 눈금(H)을 가리키게 됩니다.
겨울철에는 냉각수에 부동액이 들어있지 않거나 엔진 내부가 동결되어 냉각수가 순환하지 못할 때에도
동일한 현상이 발생합니다.

주행 중 엔진이 과열돼 오버히트 현상이 발생했을 때는 당황하지 말고 비상경고등을 켠 채 가능한 빨리
도로 옆 안전한 곳에 차를 세웁니다.

이때 시동을 바로 끄면 엔진이 고착되기 때문에 변속 레버를 중립에 놓고 약 2 ~ 3분간 시동을 그대로
켜놓은 상태에서 엔진 실내에 통풍이 잘 되도록 후드를 열어 놓고, 냉각수 온도 게이지가 정상(C)에
가까워질 때까지 엔진을 냉각시킵니다.
후드를 열 때는 뜨거운 수증기나 물이 뿜어져 나오거나 후드 자체가 뜨거울 수 있으므로 주의해야
합니다. 공회전 상태에서도 냉각수 온도 게이지가 떨어지지 않으면 시동을 끄고 자연적으로 엔진을
냉각시킵니다.

만약 냉각수가 차 밑으로 흘러 넘치거나 수증기가 후드 위로 새나올 경우에는 엔진을 정지시키고
차량을 견인해 정비공장에 입고 후 누수 부위를 점검하고 정비를 받아야 합니다."
5,10,[ 모젠서비스 > 사용법 ]모젠 센터의 운영 시간은 어떻게 되나요?,"모젠 센터는 365일 24시간 운영하고 있습니다. 즉, 비서서비스와 긴급구난 서비스는 언제든지 이용이 가능합니다. 단, 단말기 CS 버튼이나 1588-8111을 통한 상담원과의 통화(모젠 고객센터)는 평일 09:00~18:00에만 가능하며, 토/일요일과 공휴일에는 불가능합니다. 모젠 서비스의 개통/변경/해지와 서비스 관련 문의는 평일(09:00~18:00)에 이용해 주십시오."
